{"BEL.1_1": 1234757.562683084, "BEL.2_1": 6674817.733851629, "BEL.3_1": 3706793.9881521794}