{"BEL.1_1": 1239873.7673950195, "BEL.2_1": 6669138.708581448, "BEL.3_1": 3708027.897793293}