{"CAN.1.11_1": 86766.45454329488, "CAN.1.1_1": 104159.98311051486, "CAN.1.2_1": 1471105.6855870304, "CAN.1.3_1": 70118.84185851153, "CAN.1.4_1": 72481.75684463707, "CAN.1.5_1": 29734.731327368965, "CAN.1.6_1": 39677.488732521255, "CAN.1.7_1": 104102.88796214631, "CAN.1.8_1": 66429.70837653174, "CAN.1.9_1": 14942.326484788013, "CAN.1.10_1": 131961.6040612696, "CAN.1.12_1": 185533.55389168218, "CAN.1.13_1": 39877.2691486779, "CAN.1.15_1": 57414.58637157192, "CAN.1.16_1": 1631515.2085717386, "CAN.1.17_1": 40844.65495074736, "CAN.1.18_1": 216972.05270779162, "CAN.1.19_1": 23123.37836956029, "CAN.2.1_1": 30922.319462151165, "CAN.2.2_1": 41002.19391521776, "CAN.2.3_1": 377574.0285368491, "CAN.2.4_1": 62750.226219346354, "CAN.2.6_1": 63366.194783642066, "CAN.2.7_1": 216343.32645466673, "CAN.2.8_1": 51013.20405702939, "CAN.2.9_1": 113181.32576904561, "CAN.2.10_1": 84583.30733254818, "CAN.2.11_1": 58918.18184574941, "CAN.2.12_1": 91190.48186810139, "CAN.2.13_1": 313895.91796304483, "CAN.2.14_1": 2675317.2250757073, "CAN.2.15_1": 34989.28661753483, "CAN.2.16_1": 31855.2836082016, "CAN.2.17_1": 10553.629105767817, "CAN.2.18_1": 158011.1058874025, "CAN.2.19_1": 88973.53851115875, "CAN.2.21_1": 83065.71332306169, "CAN.2.22_1": 63499.61276934599, "CAN.2.23_1": 19409.43383618287, "CAN.2.24_1": 16030.643154118898, "CAN.2.25_1": 43873.764023396754, "CAN.2.27_1": 28508.477266260605, "CAN.2.28_1": 140490.91326230633, "CAN.3.11_1": 16982.698163067093, "CAN.3.2_1": 723829.6686763705, "CAN.3.3_1": 26461.944648547054, "CAN.3.4_1": 51504.38041118349, "CAN.3.6_1": 21802.272487644434, "CAN.3.8_1": 21915.70871362894, "CAN.3.9_1": 23175.988904415644, "CAN.3.10_1": 19020.878453053192, "CAN.3.16_1": 86789.3512360896, "CAN.3.13_1": 20786.428655237985, "CAN.3.14_1": 45844.29917529818, "CAN.3.17_1": 65505.95569738258, "CAN.3.21_1": 74796.57081105598, "CAN.3.22_1": 13862.604577211965, "CAN.3.23_1": 24161.849428737172, "CAN.4.1_1": 31748.68954571954, "CAN.4.2_1": 27714.735561179354, "CAN.4.3_1": 24783.153327945645, "CAN.4.4_1": 71224.60870283215, "CAN.4.5_1": 28267.907976165927, "CAN.4.6_1": 76957.68147440956, "CAN.4.7_1": 31896.036951842078, "CAN.4.8_1": 44561.1652478733, "CAN.4.9_1": 10047.48086946974, "CAN.4.10_1": 28941.69038498865, "CAN.4.11_1": 79611.64860674091, "CAN.4.12_1": 30511.01149502786, "CAN.4.13_1": 18944.774124852167, "CAN.4.14_1": 164580.90500346746, "CAN.4.15_1": 112304.8106115917, "CAN.5.3_1": 281637.6015470136, "CAN.5.1_1": 24775.19497368151, "CAN.5.4_1": 16998.44615448178, "CAN.5.5_1": 12065.041827032914, "CAN.5.6_1": 19150.857391417347, "CAN.5.7_1": 40370.17101461932, "CAN.5.8_1": 38290.5852169443, "CAN.5.9_1": 29702.030427184396, "CAN.5.10_1": 30005.40390604304, "CAN.5.11_1": 12503.419171723632, "CAN.6.1_1": 32670.38088341032, "CAN.7.1_1": 19357.775793704423, "CAN.7.2_1": 20566.726723149623, "CAN.7.3_1": 90774.69116822467, "CAN.7.4_1": 52675.20707560878, "CAN.7.5_1": 29739.054281355227, "CAN.7.6_1": 15317.449283607046, "CAN.7.8_1": 416750.4206216034, "CAN.7.9_1": 42976.700318252144, "CAN.7.10_1": 15327.493595283877, "CAN.7.11_1": 61199.88816191263, "CAN.7.12_1": 45641.61571094201, "CAN.7.13_1": 42924.8383574388, "CAN.7.16_1": 11470.795721025206, "CAN.7.18_1": 22527.605581060965, "CAN.8.1_1": 17912.91359184326, "CAN.8.2_1": 9026.687315371535, "CAN.9.1_1": 110851.34910251702, "CAN.9.2_1": 158249.83428359032, "CAN.9.3_1": 60166.64606101698, "CAN.9.4_1": 95965.354769266, "CAN.9.5_1": 78705.67882042973, "CAN.9.6_1": 61124.13982176408, "CAN.9.7_1": 698082.1711463071, "CAN.9.8_1": 91233.13489244133, "CAN.9.9_1": 375088.49873956945, "CAN.9.10_1": 158525.14160135438, "CAN.9.11_1": 164854.186180591, "CAN.9.12_1": 89831.42049351532, "CAN.9.13_1": 111232.11653989778, "CAN.9.14_1": 18728.27913692426, "CAN.9.15_1": 642827.1631259084, "CAN.9.16_1": 545994.9380504191, "CAN.9.17_1": 141177.76824742582, "CAN.9.18_1": 57220.40969877038, "CAN.9.19_1": 70399.0403157897, "CAN.9.20_1": 47088.81701069994, "CAN.9.22_1": 43201.97301404678, "CAN.9.23_1": 33010.466961377606, "CAN.9.25_1": 114340.18673281884, "CAN.9.26_1": 68462.1546760198, "CAN.9.27_1": 98495.32873486634, "CAN.9.28_1": 42319.19945547066, "CAN.9.29_1": 13179.071288445799, "CAN.9.30_1": 471231.9006682448, "CAN.9.31_1": 59061.95908445133, "CAN.9.32_1": 426329.0255242613, "CAN.9.33_1": 84940.06881201053, "CAN.9.34_1": 83221.21140836598, "CAN.9.35_1": 1027486.9454594506, "CAN.9.36_1": 110820.86036063638, "CAN.9.37_1": 44117.02709340681, "CAN.9.38_1": 1575990.1781898923, "CAN.9.39_1": 77391.8552531004, "CAN.9.40_1": 138893.46952780275, "CAN.9.41_1": 95205.7843756089, "CAN.9.42_1": 21351.709425339708, "CAN.9.43_1": 17768.424323640753, "CAN.9.44_1": 108442.32794788218, "CAN.9.45_1": 472676.3146783535, "CAN.9.46_1": 110240.58228019462, "CAN.9.47_1": 19711.88165269459, "CAN.9.48_1": 138958.82872097247, "CAN.9.49_1": 31502.311789156127, "CAN.9.50_1": 2827184.464121473, "CAN.9.51_1": 562011.299303323, "CAN.9.52_1": 224290.195848007, "CAN.9.53_1": 1346463.0268139886, "CAN.10.1_1": 16005.531024578013, "CAN.10.2_1": 43025.56263351347, "CAN.10.3_1": 83702.02189931012, "CAN.11.2_1": 24529.260951234268, "CAN.11.1_1": 21338.651727671408, "CAN.11.3_1": 15361.805973008275, "CAN.11.4_1": 35442.24378564789, "CAN.11.5_1": 36556.535163826076, "CAN.11.6_1": 75088.4525451092, "CAN.11.7_1": 15141.86695664125, "CAN.11.8_1": 15465.433987430795, "CAN.11.9_1": 53490.18901347509, "CAN.11.10_1": 58535.48661797517, "CAN.11.11_1": 13760.814194926468, "CAN.11.12_1": 32857.787827436114, "CAN.11.13_1": 16817.731051768547, "CAN.11.14_1": 52670.809528671205, "CAN.11.15_1": 316353.3348747492, "CAN.11.17_1": 13286.79864435376, "CAN.11.16_1": 15476.050018187652, "CAN.11.18_1": 17713.0007705866, "CAN.11.19_1": 311394.3207797557, "CAN.11.20_1": 1800363.70886771, "CAN.11.21_1": 602377.4702491704, "CAN.11.22_1": 32261.09116129612, "CAN.11.23_1": 63894.45344102383, "CAN.11.24_1": 106949.11144165695, "CAN.11.25_1": 109739.13205489144, "CAN.11.26_1": 157273.29128308652, "CAN.11.27_1": 74195.29973828793, "CAN.11.28_1": 20367.41478365151, "CAN.11.29_1": 42601.35198294637, "CAN.11.30_1": 125129.27159767412, "CAN.11.31_1": 23900.737259222195, "CAN.11.33_1": 17316.164744063564, "CAN.11.34_1": 33471.61709569907, "CAN.11.35_1": 16948.84325709803, "CAN.11.36_1": 9968.521053533877, "CAN.11.37_1": 10733.232957535958, "CAN.11.38_1": 104852.3130850941, "CAN.11.39_1": 52462.23677345136, "CAN.11.40_1": 17519.29047989418, "CAN.11.41_1": 17772.470430077403, "CAN.11.42_1": 35366.72233812045, "CAN.11.43_1": 170549.75314879417, "CAN.11.44_1": 142043.6060205698, "CAN.11.45_1": 20537.34570424541, "CAN.11.46_1": 166405.63016286548, "CAN.11.47_1": 55067.90365272154, "CAN.11.48_1": 76251.14529692102, "CAN.11.49_1": 447426.96596866846, "CAN.11.50_1": 51212.4591704905, "CAN.11.51_1": 61661.46698364064, "CAN.11.52_1": 31697.745044748477, "CAN.11.53_1": 167936.91238845818, "CAN.11.54_1": 22031.15395032501, "CAN.11.55_1": 124612.47343883535, "CAN.11.56_1": 22733.610794457305, "CAN.11.57_1": 19391.25809057965, "CAN.11.58_1": 14571.88083822919, "CAN.11.59_1": 14997.165418389894, "CAN.11.60_1": 30905.528615981806, "CAN.11.61_1": 8449.871675687027, "CAN.11.62_1": 101990.06170015922, "CAN.11.63_1": 57009.137156862766, "CAN.11.64_1": 16662.35904156341, "CAN.11.65_1": 11195.795829326846, "CAN.11.66_1": 30442.640986025333, "CAN.11.67_1": 49483.483672287315, "CAN.11.68_1": 91206.20194426179, "CAN.11.69_1": 191554.094736062, "CAN.11.70_1": 48179.97076689452, "CAN.11.71_1": 30920.584035330176, "CAN.11.72_1": 27781.9867228477, "CAN.11.73_1": 24412.578915246537, "CAN.11.74_1": 24118.586329294056, "CAN.11.75_1": 18760.590848708303, "CAN.11.76_1": 49068.312372771776, "CAN.11.77_1": 13423.571732969942, "CAN.11.78_1": 53685.21434165328, "CAN.11.79_1": 6912.299124874013, "CAN.11.80_1": 50958.847336079925, "CAN.11.81_1": 60681.35001683235, "CAN.11.82_1": 21977.179089455094, "CAN.11.83_1": 19850.451911300886, "CAN.11.84_1": 47577.870335328145, "CAN.11.85_1": 24042.219902589863, "CAN.11.86_1": 13987.90151221477,