{"CAN.1.11_1": 86757.8899072344, "CAN.1.1_1": 105437.46143753109, "CAN.1.2_1": 1471126.0739244854, "CAN.1.3_1": 70120.33270835088, "CAN.1.4_1": 72664.69937491111, "CAN.1.5_1": 29736.5347179443, "CAN.1.6_1": 40070.79850468833, "CAN.1.7_1": 104102.79533597508, "CAN.1.8_1": 66526.11694570856, "CAN.1.9_1": 14945.224427891515, "CAN.1.10_1": 131869.02203591878, "CAN.1.12_1": 185495.4591928826, "CAN.1.13_1": 39905.66888110925, "CAN.1.15_1": 57419.47358262256, "CAN.1.16_1": 1631138.4745053702, "CAN.1.17_1": 40850.913546550815, "CAN.1.18_1": 216675.45010610617, "CAN.1.19_1": 23135.5978494537, "CAN.2.1_1": 32070.832672120945, "CAN.2.2_1": 41001.09349688149, "CAN.2.3_1": 458680.1053754085, "CAN.2.4_1": 62745.344045843165, "CAN.2.6_1": 63433.67864129055, "CAN.2.7_1": 216286.37487037614, "CAN.2.8_1": 51064.97711846413, "CAN.2.9_1": 137537.38800808534, "CAN.2.10_1": 101995.14608006022, "CAN.2.11_1": 58921.62266106268, "CAN.2.12_1": 91193.26790866324, "CAN.2.13_1": 314515.75871672906, "CAN.2.14_1": 2716595.640612798, "CAN.2.15_1": 60634.658206350585, "CAN.2.16_1": 31725.530335835156, "CAN.2.17_1": 12259.302875563595, "CAN.2.18_1": 166572.85904712346, "CAN.2.19_1": 88967.76110445877, "CAN.2.21_1": 83067.89626218707, "CAN.2.22_1": 63499.64654622709, "CAN.2.23_1": 20759.608776768044, "CAN.2.24_1": 17303.608220795166, "CAN.2.25_1": 43887.36739579208, "CAN.2.27_1": 30503.00015617268, "CAN.2.28_1": 140494.00253481168, "CAN.3.11_1": 16906.260152532424, "CAN.3.2_1": 723031.764866638, "CAN.3.3_1": 26974.858553271224, "CAN.3.4_1": 51777.306380565846, "CAN.3.6_1": 21916.141600651612, "CAN.3.8_1": 21899.83882598935, "CAN.3.9_1": 23177.184577613585, "CAN.3.10_1": 19368.24473516034, "CAN.3.16_1": 86649.60339399602, "CAN.3.13_1": 20589.787216080866, "CAN.3.14_1": 45813.14227365823, "CAN.3.17_1": 65423.917366895446, "CAN.3.21_1": 74765.11927646797, "CAN.3.22_1": 13847.890830682787, "CAN.3.23_1": 24215.171079920867, "CAN.4.1_1": 31857.286590097116, "CAN.4.2_1": 27698.916093344178, "CAN.4.3_1": 35281.25555032696, "CAN.4.4_1": 75669.21487754259, "CAN.4.5_1": 27410.59495816683, "CAN.4.6_1": 76800.2406011821, "CAN.4.7_1": 31803.011948806736, "CAN.4.8_1": 48655.29921617235, "CAN.4.9_1": 10019.626604600497, "CAN.4.10_1": 28481.661720174467, "CAN.4.11_1": 79446.36721222772, "CAN.4.12_1": 30649.054573691385, "CAN.4.13_1": 18956.95301027899, "CAN.4.14_1": 164020.05714240822, "CAN.4.15_1": 112243.10017102404, "CAN.5.3_1": 290128.2623030652, "CAN.5.1_1": 33162.53448007854, "CAN.5.4_1": 20038.03998046136, "CAN.5.5_1": 14110.76713324945, "CAN.5.6_1": 20338.200275063395, "CAN.5.7_1": 43042.60954350374, "CAN.5.8_1": 38284.94468618109, "CAN.5.9_1": 35056.39776367783, "CAN.5.10_1": 40594.911994073496, "CAN.5.11_1": 15371.016805914911, "CAN.6.1_1": 32670.385236950136, "CAN.7.1_1": 19236.154659906373, "CAN.7.2_1": 20995.940513809925, "CAN.7.3_1": 94767.20474193757, "CAN.7.4_1": 52533.96627669035, "CAN.7.5_1": 31537.31460832281, "CAN.7.6_1": 15101.733936222085, "CAN.7.8_1": 437886.0826033848, "CAN.7.9_1": 42741.18533012597, "CAN.7.10_1": 17201.824348740913, "CAN.7.11_1": 61316.12533086268, "CAN.7.12_1": 47665.55834059419, "CAN.7.13_1": 44132.24580573631, "CAN.7.16_1": 13032.596845399674, "CAN.7.18_1": 23889.706877635588, "CAN.8.1_1": 33922.033743187094, "CAN.8.2_1": 10160.97219771554, "CAN.9.1_1": 136904.95073672896, "CAN.9.2_1": 158219.711112759, "CAN.9.3_1": 59920.13190679852, "CAN.9.4_1": 95593.6927035072, "CAN.9.5_1": 79223.72650869522, "CAN.9.6_1": 59962.12773351475, "CAN.9.7_1": 699048.6575449936, "CAN.9.8_1": 90757.41415131566, "CAN.9.9_1": 375121.73752401886, "CAN.9.10_1": 157863.9717295743, "CAN.9.11_1": 164791.58387587644, "CAN.9.12_1": 89828.03909594574, "CAN.9.13_1": 111101.28876247711, "CAN.9.14_1": 18702.744716544465, "CAN.9.15_1": 645400.4627017161, "CAN.9.16_1": 544818.1459215109, "CAN.9.17_1": 140375.98039254535, "CAN.9.18_1": 56597.18924246037, "CAN.9.19_1": 70559.85544247345, "CAN.9.20_1": 49147.55962584153, "CAN.9.22_1": 44569.670228118295, "CAN.9.23_1": 40940.78008478253, "CAN.9.25_1": 113573.80190335948, "CAN.9.26_1": 68424.70729128642, "CAN.9.27_1": 97226.42212497146, "CAN.9.28_1": 42172.011930295856, "CAN.9.29_1": 14760.178135130063, "CAN.9.30_1": 471311.4578891761, "CAN.9.31_1": 58994.65220376772, "CAN.9.32_1": 426021.44261187856, "CAN.9.33_1": 84915.21705202623, "CAN.9.34_1": 82480.70215960054, "CAN.9.35_1": 1027315.2354763749, "CAN.9.36_1": 110939.76836796223, "CAN.9.37_1": 47260.863616593735, "CAN.9.38_1": 1576588.03399674, "CAN.9.39_1": 77433.70155533553, "CAN.9.40_1": 138981.6479141091, "CAN.9.41_1": 95304.76192159289, "CAN.9.42_1": 21438.144948028945, "CAN.9.43_1": 17687.290011304303, "CAN.9.44_1": 108387.05660947946, "CAN.9.45_1": 473129.7631377041, "CAN.9.46_1": 120803.09142977963, "CAN.9.47_1": 19742.68361862898, "CAN.9.48_1": 141291.81484993163, "CAN.9.49_1": 31500.079780025153, "CAN.9.50_1": 2820201.717847028, "CAN.9.51_1": 561058.7096113776, "CAN.9.52_1": 225195.37930673326, "CAN.9.53_1": 1345297.2157112192, "CAN.10.1_1": 17016.35917938399, "CAN.10.2_1": 44223.73390298073, "CAN.10.3_1": 83024.93867414005, "CAN.11.2_1": 24501.226062016973, "CAN.11.1_1": 21362.296832213717, "CAN.11.3_1": 15514.889654412393, "CAN.11.4_1": 35481.78314085949, "CAN.11.5_1": 36648.49848046254, "CAN.11.6_1": 74965.24219649108, "CAN.11.7_1": 15224.606183327658, "CAN.11.8_1": 14792.947075479065, "CAN.11.9_1": 53502.17260617655, "CAN.11.10_1": 58410.0930809653, "CAN.11.11_1": 14030.299643716991, "CAN.11.12_1": 32960.71897094431, "CAN.11.13_1": 16800.79982658191, "CAN.11.14_1": 52951.011498320164, "CAN.11.15_1": 317683.21638298495, "CAN.11.17_1": 13114.853989284411, "CAN.11.16_1": 15427.087676515097, "CAN.11.18_1": 17780.064368978125, "CAN.11.19_1": 310956.9850735047, "CAN.11.20_1": 1803228.564633824, "CAN.11.21_1": 600628.2191932979, "CAN.11.22_1": 32904.67899108837, "CAN.11.23_1": 63099.7453201069, "CAN.11.24_1": 106279.0308018644, "CAN.11.25_1": 109707.05802574998, "CAN.11.26_1": 156292.1772001324, "CAN.11.27_1": 74116.01335924573, "CAN.11.28_1": 27592.22041420854, "CAN.11.29_1": 42638.55870149487, "CAN.11.30_1": 121760.26618261373, "CAN.11.31_1": 23909.599125577603, "CAN.11.33_1": 17098.485499245224, "CAN.11.34_1": 33674.59550043461, "CAN.11.35_1": 16221.040125652406, "CAN.11.36_1": 12479.710993821853, "CAN.11.37_1": 10114.751122563, "CAN.11.38_1": 104577.37451730145, "CAN.11.39_1": 52430.08904329991, "CAN.11.40_1": 17523.631600589433, "CAN.11.41_1": 17617.51394447368, "CAN.11.42_1": 35359.49256171356, "CAN.11.43_1": 170460.16485257508, "CAN.11.44_1": 141977.3760457664, "CAN.11.45_1": 20542.374171927117, "CAN.11.46_1": 165873.82688827388, "CAN.11.47_1": 55056.30391916732, "CAN.11.48_1": 76525.48680832538, "CAN.11.49_1": 449768.8349879966, "CAN.11.50_1": 51539.85154101974, "CAN.11.51_1": 61689.79583062537, "CAN.11.52_1": 31689.1739018273, "CAN.11.53_1": 167944.63634185118, "CAN.11.54_1": 22009.621245884664, "CAN.11.55_1": 124613.91110968581, "CAN.11.56_1": 22939.970483122772, "CAN.11.57_1": 22087.30536349766, "CAN.11.58_1": 14569.868496722902, "CAN.11.59_1": 15127.123353322364, "CAN.11.60_1": 30706.33185224423, "CAN.11.61_1": 8270.301262009281, "CAN.11.62_1": 100769.17043511721, "CAN.11.63_1": 57646.90997801034, "CAN.11.64_1": 16661.18929774523, "CAN.11.65_1": 10886.272919899164, "CAN.11.66_1": 30515.050618209254, "CAN.11.67_1": 49482.657334181364, "CAN.11.68_1": 91004.8490021606, "CAN.11.69_1": 187870.81932599103, "CAN.11.70_1": 48032.10415809529, "CAN.11.71_1": 30842.79338813338, "CAN.11.72_1": 30254.13867698432, "CAN.11.73_1": 24423.981390335353, "CAN.11.74_1": 24100.586926525266, "CAN.11.75_1": 19034.14660965324, "CAN.11.76_1": 49025.877823623145, "CAN.11.77_1": 13424.589426433588, "CAN.11.78_1": 54208.24091683545, "CAN.11.79_1": 11379.430667585417, "CAN.11.80_1": 51759.32468833174, "CAN.11.81_1": 60629.38291766349, "CAN.11.82_1": 27256.991213785994, "CAN.11.83_1": 20058.006340925353, "CAN.11.84_1": 50540.49104934828, "CAN.11.85_1": 23939.320753474483,