{"CZE.1_1": 640020.3745568715, "CZE.2_1": 1198934.0983253275, "CZE.3_1": 294908.5169236943, "CZE.4_1": 515632.4061900258, "CZE.5_1": 556145.4220979114, "CZE.6_1": 439886.3735079109, "CZE.7_1": 1152308.89460504, "CZE.8_1": 611779.2086760214, "CZE.9_1": 515640.6447440496, "CZE.10_1": 597674.828598267, "CZE.11_1": 1289236.3126061598, "CZE.12_1": 1635471.6915502544, "CZE.13_1": 818657.2704710567, "CZE.14_1": 576352.258635683}