{"CZE.1_1": 640005.5218133964, "CZE.2_1": 1199687.9454584527, "CZE.3_1": 294686.72884500027, "CZE.4_1": 515245.9370532036, "CZE.5_1": 555241.7018487751, "CZE.6_1": 439986.7820073515, "CZE.7_1": 1152915.8975994587, "CZE.8_1": 611967.6484817266, "CZE.9_1": 515499.33943605423, "CZE.10_1": 597754.9624866061, "CZE.11_1": 1288605.224433899, "CZE.12_1": 1635403.5270056883, "CZE.13_1": 819228.091929853, "CZE.14_1": 576383.6917886734}