{"DEU.1_1": 10399836.029478496, "DEU.2_1": 12528929.71243612, "DEU.3_1": 3205689.1718087196, "DEU.4_1": 2410440.61871792, "DEU.5_1": 622589.5135650635, "DEU.6_1": 1670896.9747009277, "DEU.7_1": 5905973.399536628, "DEU.8_1": 1467173.061162213, "DEU.9_1": 7629018.132916979, "DEU.10_1": 17054495.03411722, "DEU.11_1": 3985909.3102720976, "DEU.12_1": 933046.4952545166, "DEU.14_1": 3762798.1707573086, "DEU.13_1": 2046076.3240088373, "DEU.15_1": 2775343.5879189386, "DEU.16_1": 1969360.6892624497}