{"DEU.1_1": 10404877.78841315, "DEU.2_1": 12525786.808665017, "DEU.3_1": 3183526.18345557, "DEU.4_1": 2432799.0362005327, "DEU.5_1": 614428.0008178178, "DEU.6_1": 1656660.680523416, "DEU.7_1": 5908446.085791746, "DEU.8_1": 1463193.7652072036, "DEU.9_1": 7632247.297802084, "DEU.10_1": 17053954.053429283, "DEU.11_1": 3986974.288079531, "DEU.12_1": 934480.217111818, "DEU.14_1": 3763386.5270390864, "DEU.13_1": 2045713.1867659776, "DEU.15_1": 2774861.294959452, "DEU.16_1": 1970562.2797517935}