{"ESP.1_1": 9289978.147425149, "ESP.2_1": 1487048.0799256144, "ESP.3_1": 622763.4547561818, "ESP.4_1": 2499880.092652275, "ESP.5_1": 2620771.1626587156, "ESP.6_1": 8651025.712886475, "ESP.7_1": 156203.39435561383, "ESP.8_1": 7477135.416247938, "ESP.9_1": 732899.6381532657, "ESP.10_1": 5847093.187821351, "ESP.11_1": 1146682.639430783, "ESP.12_1": 2770723.311964221, "ESP.13_1": 1356560.2498541165, "ESP.14_1": 2431306.892488872, "ESP.15_1": 360628.32063037925, "ESP.16_1": 2251742.625576512, "ESP.17_1": 1076846.917239305, "ESP.18_1": 1734262.6490541233}