{"ESP.1_1": 9321538.51273664, "ESP.2_1": 1486321.19298286, "ESP.3_1": 627908.0224430747, "ESP.4_1": 2498125.122515361, "ESP.5_1": 2619977.1181311654, "ESP.6_1": 8678207.89028082, "ESP.7_1": 167721.8097705841, "ESP.8_1": 7478962.056711219, "ESP.9_1": 733286.8224325933, "ESP.10_1": 5859703.134603083, "ESP.11_1": 1147336.675434756, "ESP.12_1": 2790556.120563087, "ESP.13_1": 1365831.0975834131, "ESP.14_1": 2451145.903701782, "ESP.15_1": 362223.22061124444, "ESP.16_1": 2254828.130639404, "ESP.17_1": 1076679.1449203491, "ESP.18_1": 1737594.7142133713}