{"FRA.1_1": 8300426.691235045, "FRA.2_1": 2949235.7224670043, "FRA.3_1": 3494230.3841302227, "FRA.4_1": 2680351.206251097, "FRA.5_1": 359378.37525911245, "FRA.6_1": 5766408.5046838345, "FRA.7_1": 6067934.656548858, "FRA.8_1": 12763522.221848665, "FRA.9_1": 3438821.8927553906, "FRA.10_1": 6303120.630951477, "FRA.11_1": 6345710.538979765, "FRA.12_1": 3971040.805072788, "FRA.13_1": 5291152.294152814}