{"FRA.1_1": 8299550.407742031, "FRA.2_1": 2949041.8588475883, "FRA.3_1": 3502088.0247881263, "FRA.4_1": 2679132.015889585, "FRA.5_1": 362656.6465651393, "FRA.6_1": 5770520.253370798, "FRA.7_1": 6076230.810561538, "FRA.8_1": 12763049.691341877, "FRA.9_1": 3444487.7159873694, "FRA.10_1": 6309576.10652484, "FRA.11_1": 6348345.8605128275, "FRA.12_1": 3973796.3357275426, "FRA.13_1": 5305606.131800181}