{"ITA.1_1": 1327928.6828766004, "ITA.2_1": 4011839.3056628862, "ITA.3_1": 562672.2901114249, "ITA.4_1": 1856794.3870305656, "ITA.5_1": 5783000.075413369, "ITA.6_1": 4668409.1281073, "ITA.7_1": 1263697.8299936745, "ITA.8_1": 5872598.352790101, "ITA.9_1": 1505773.6050544127, "ITA.10_1": 10429146.677567499, "ITA.11_1": 1610324.4440812063, "ITA.12_1": 306749.26064440166, "ITA.13_1": 4521684.986518083, "ITA.14_1": 1633934.945471847, "ITA.15_1": 4921769.195862426, "ITA.16_1": 3822622.783527197, "ITA.17_1": 1121152.9487998933, "ITA.18_1": 942403.5008301081, "ITA.19_1": 134548.6721208877, "ITA.20_1": 5166930.568377628}