{"ITA.1_1": 1334818.7174011224, "ITA.2_1": 4042183.7527955933, "ITA.3_1": 562578.3330939279, "ITA.4_1": 1875245.3169711055, "ITA.5_1": 5804367.180859971, "ITA.6_1": 4675740.735493835, "ITA.7_1": 1268398.7930483432, "ITA.8_1": 5892673.154835186, "ITA.9_1": 1534393.023896791, "ITA.10_1": 10428644.949376376, "ITA.11_1": 1624794.9672742551, "ITA.12_1": 308707.8135922782, "ITA.13_1": 4521557.948534635, "ITA.14_1": 1640262.3214766781, "ITA.15_1": 4955573.850819965, "ITA.16_1": 3827448.7931892546, "ITA.17_1": 1121049.433800547, "ITA.18_1": 942303.2835515407, "ITA.19_1": 134434.24645452062, "ITA.20_1": 5168405.719623856}