{"PRT.1_1": 694160.8971033739, "PRT.2_1": 227936.7338811623, "PRT.3_1": 145727.68097805494, "PRT.4_1": 844432.5834010444, "PRT.5_1": 127849.67795022787, "PRT.6_1": 187514.0647024336, "PRT.7_1": 419494.06140350254, "PRT.8_1": 162154.04810551525, "PRT.9_1": 498396.16226214025, "PRT.10_1": 147192.1326461421, "PRT.11_1": 477734.5261115131, "PRT.12_1": 2322513.779154508, "PRT.13_1": 256112.1777995099, "PRT.14_1": 112185.28392430829, "PRT.15_1": 1809616.6113152318, "PRT.16_1": 453838.7341115635, "PRT.17_1": 893343.6494253423, "PRT.18_1": 241027.45993009373, "PRT.19_1": 194879.7745652081, "PRT.20_1": 369486.46256201965}