{"PRT.1_1": 697653.5058523305, "PRT.2_1": 234432.89010033608, "PRT.3_1": 145628.6674261339, "PRT.4_1": 842881.924826308, "PRT.5_1": 127781.8961627384, "PRT.6_1": 187355.22239701406, "PRT.7_1": 419750.4849191884, "PRT.8_1": 162000.00765661846, "PRT.9_1": 503598.54740472994, "PRT.10_1": 147159.25429026992, "PRT.11_1": 478476.7423721878, "PRT.12_1": 2327816.432431106, "PRT.13_1": 259814.87652467773, "PRT.14_1": 111992.97380702333, "PRT.15_1": 1816593.079770816, "PRT.16_1": 453958.18423422676, "PRT.17_1": 911414.9966764018, "PRT.18_1": 241456.89025970772, "PRT.19_1": 195508.18463199062, "PRT.20_1": 368871.80005164957}