{"SWE.1_1": 147559.55158050783, "SWE.2_1": 281115.4642471402, "SWE.3_1": 268863.99527530954, "SWE.4_1": 55379.37397323323, "SWE.5_1": 315916.70454181224, "SWE.6_1": 126657.51236093084, "SWE.7_1": 329683.36797536304, "SWE.8_1": 222148.23026011468, "SWE.9_1": 197159.97775351687, "SWE.10_1": 234247.92803381593, "SWE.11_1": 294407.96332015935, "SWE.12_1": 454698.0016967063, "SWE.13_1": 1383011.0276949517, "SWE.14_1": 285162.214177259, "SWE.15_1": 2373051.8330756254, "SWE.16_1": 364332.1948752595, "SWE.17_1": 275720.5566407014, "SWE.18_1": 255906.07480904236, "SWE.19_1": 227340.41595794202, "SWE.20_1": 276126.26180632185, "SWE.21_1": 1691726.894630929}