{"SWE.1_1": 149005.70990514755, "SWE.2_1": 280982.9505976909, "SWE.3_1": 269857.6131472039, "SWE.4_1": 55774.29276164621, "SWE.5_1": 318351.4065724341, "SWE.6_1": 126652.36133927593, "SWE.7_1": 330014.91890006093, "SWE.8_1": 223844.5312516431, "SWE.9_1": 197237.79973795544, "SWE.10_1": 235769.644349022, "SWE.11_1": 294421.7439242746, "SWE.12_1": 455195.62611615984, "SWE.13_1": 1390435.2599465176, "SWE.14_1": 285562.9895911785, "SWE.15_1": 2377588.1321313605, "SWE.16_1": 364592.71743962076, "SWE.17_1": 275774.75618753524, "SWE.18_1": 256512.8971695838, "SWE.19_1": 227463.4389435618, "SWE.20_1": 276000.96729552886, "SWE.21_1": 1695589.3594914179}